# 1:iteration	2:time	3:patch	4:level	5:i	6:j	7:k	8:x	9:y	10:z	11:alpha
0	0.0000000000000000e+00	0	0	32	32	-3	0.0000000000000000e+00	0.0000000000000000e+00	-2.8000000000000000e+02	9.9610584641597288e-01
0	0.0000000000000000e+00	0	0	32	32	-2	0.0000000000000000e+00	0.0000000000000000e+00	-2.7200000000000000e+02	9.9610584641597288e-01
0	0.0000000000000000e+00	0	0	32	32	-1	0.0000000000000000e+00	0.0000000000000000e+00	-2.6400000000000000e+02	9.9610584641597288e-01
0	0.0000000000000000e+00	0	0	32	32	0	0.0000000000000000e+00	0.0000000000000000e+00	-2.5600000000000000e+02	9.9610584641597288e-01
0	0.0000000000000000e+00	0	0	32	32	1	0.0000000000000000e+00	0.0000000000000000e+00	-2.4800000000000000e+02	9.9598065359394861e-01
0	0.0000000000000000e+00	0	0	32	32	2	0.0000000000000000e+00	0.0000000000000000e+00	-2.4000000000000000e+02	9.9584714543239883e-01
0	0.0000000000000000e+00	0	0	32	32	3	0.0000000000000000e+00	0.0000000000000000e+00	-2.3200000000000000e+02	9.9570446519680933e-01
0	0.0000000000000000e+00	0	0	32	32	4	0.0000000000000000e+00	0.0000000000000000e+00	-2.2400000000000000e+02	0.0000000000000000e+00
0	0.0000000000000000e+00	0	0	32	32	5	0.0000000000000000e+00	0.0000000000000000e+00	-2.1600000000000000e+02	0.0000000000000000e+00
0	0.0000000000000000e+00	0	0	32	32	6	0.0000000000000000e+00	0.0000000000000000e+00	-2.0800000000000000e+02	9.9521085704686352e-01
0	0.0000000000000000e+00	0	0	32	32	7	0.0000000000000000e+00	0.0000000000000000e+00	-2.0000000000000000e+02	0.0000000000000000e+00
0	0.0000000000000000e+00	0	0	32	32	8	0.0000000000000000e+00	0.0000000000000000e+00	-1.9200000000000000e+02	0.0000000000000000e+00
0	0.0000000000000000e+00	0	0	32	32	9	0.0000000000000000e+00	0.0000000000000000e+00	-1.8400000000000000e+02	9.9458912128342891e-01
0	0.0000000000000000e+00	0	0	32	32	10	0.0000000000000000e+00	0.0000000000000000e+00	-1.7600000000000000e+02	0.0000000000000000e+00
0	0.0000000000000000e+00	0	0	32	32	11	0.0000000000000000e+00	0.0000000000000000e+00	-1.6800000000000000e+02	9.9407649032400591e-01
0	0.0000000000000000e+00	0	0	32	32	12	0.0000000000000000e+00	0.0000000000000000e+00	-1.6000000000000000e+02	9.9378195548790738e-01
0	0.0000000000000000e+00	0	0	32	32	13	0.0000000000000000e+00	0.0000000000000000e+00	-1.5200000000000000e+02	9.9345661308879729e-01
0	0.0000000000000000e+00	0	0	32	32	14	0.0000000000000000e+00	0.0000000000000000e+00	-1.4400000000000000e+02	9.9309536563404133e-01
0	0.0000000000000000e+00	0	0	32	32	15	0.0000000000000000e+00	0.0000000000000000e+00	-1.3600000000000000e+02	0.0000000000000000e+00
0	0.0000000000000000e+00	0	0	32	32	16	0.0000000000000000e+00	0.0000000000000000e+00	-1.2800000000000000e+02	0.0000000000000000e+00
0	0.0000000000000000e+00	0	0	32	32	17	0.0000000000000000e+00	0.0000000000000000e+00	-1.2000000000000000e+02	9.9172502065973744e-01
0	0.0000000000000000e+00	0	0	32	32	18	0.0000000000000000e+00	0.0000000000000000e+00	-1.1200000000000000e+02	9.9113891910487628e-01
0	0.0000000000000000e+00	0	0	32	32	19	0.0000000000000000e+00	0.0000000000000000e+00	-1.0400000000000000e+02	9.9046355821969001e-01
0	0.0000000000000000e+00	0	0	32	32	20	0.0000000000000000e+00	0.0000000000000000e+00	-9.6000000000000000e+01	0.0000000000000000e+00
0	0.0000000000000000e+00	0	0	32	32	21	0.0000000000000000e+00	0.0000000000000000e+00	-8.8000000000000000e+01	9.8874898480555107e-01
0	0.0000000000000000e+00	0	0	32	32	22	0.0000000000000000e+00	0.0000000000000000e+00	-8.0000000000000000e+01	9.8763811070006780e-01
0	0.0000000000000000e+00	0	0	32	32	23	0.0000000000000000e+00	0.0000000000000000e+00	-7.2000000000000000e+01	9.8628436689604215e-01
0	0.0000000000000000e+00	0	0	32	32	24	0.0000000000000000e+00	0.0000000000000000e+00	-6.4000000000000000e+01	9.8459857121084082e-01
0	0.0000000000000000e+00	0	0	32	32	25	0.0000000000000000e+00	0.0000000000000000e+00	-5.6000000000000000e+01	0.0000000000000000e+00
0	0.0000000000000000e+00	0	0	32	32	26	0.0000000000000000e+00	0.0000000000000000e+00	-4.8000000000000000e+01	9.7958632686933855e-01
0	0.0000000000000000e+00	0	0	32	32	27	0.0000000000000000e+00	0.0000000000000000e+00	-4.0000000000000000e+01	0.0000000000000000e+00
0	0.0000000000000000e+00	0	0	32	32	28	0.0000000000000000e+00	0.0000000000000000e+00	-3.2000000000000000e+01	9.6978597566059477e-01
0	0.0000000000000000e+00	0	0	32	32	29	0.0000000000000000e+00	0.0000000000000000e+00	-2.4000000000000000e+01	0.0000000000000000e+00
0	0.0000000000000000e+00	0	0	32	32	30	0.0000000000000000e+00	0.0000000000000000e+00	-1.6000000000000000e+01	0.0000000000000000e+00
0	0.0000000000000000e+00	0	0	32	32	31	0.0000000000000000e+00	0.0000000000000000e+00	-8.0000000000000000e+00	0.0000000000000000e+00
0	0.0000000000000000e+00	0	0	32	32	32	0.0000000000000000e+00	0.0000000000000000e+00	0.0000000000000000e+00	0.0000000000000000e+00
0	0.0000000000000000e+00	0	0	32	32	33	0.0000000000000000e+00	0.0000000000000000e+00	8.0000000000000000e+00	0.0000000000000000e+00
0	0.0000000000000000e+00	0	0	32	32	34	0.0000000000000000e+00	0.0000000000000000e+00	1.6000000000000000e+01	0.0000000000000000e+00
0	0.0000000000000000e+00	0	0	32	32	35	0.0000000000000000e+00	0.0000000000000000e+00	2.4000000000000000e+01	9.6031634708049118e-01
0	0.0000000000000000e+00	0	0	32	32	36	0.0000000000000000e+00	0.0000000000000000e+00	3.2000000000000000e+01	9.6978597566059477e-01
0	0.0000000000000000e+00	0	0	32	32	37	0.0000000000000000e+00	0.0000000000000000e+00	4.0000000000000000e+01	9.7562868195852082e-01
0	0.0000000000000000e+00	0	0	32	32	38	0.0000000000000000e+00	0.0000000000000000e+00	4.8000000000000000e+01	9.7958632686933855e-01
0	0.0000000000000000e+00	0	0	32	32	39	0.0000000000000000e+00	0.0000000000000000e+00	5.6000000000000000e+01	0.0000000000000000e+00
0	0.0000000000000000e+00	0	0	32	32	40	0.0000000000000000e+00	0.0000000000000000e+00	6.4000000000000000e+01	9.8459857121084082e-01
0	0.0000000000000000e+00	0	0	32	32	41	0.0000000000000000e+00	0.0000000000000000e+00	7.2000000000000000e+01	0.0000000000000000e+00
0	0.0000000000000000e+00	0	0	32	32	42	0.0000000000000000e+00	0.0000000000000000e+00	8.0000000000000000e+01	9.8763811070006780e-01
0	0.0000000000000000e+00	0	0	32	32	43	0.0000000000000000e+00	0.0000000000000000e+00	8.8000000000000000e+01	9.8874898480555107e-01
0	0.0000000000000000e+00	0	0	32	32	44	0.0000000000000000e+00	0.0000000000000000e+00	9.6000000000000000e+01	9.8967689418196203e-01
0	0.0000000000000000e+00	0	0	32	32	45	0.0000000000000000e+00	0.0000000000000000e+00	1.0400000000000000e+02	9.9046355821969001e-01
0	0.0000000000000000e+00	0	0	32	32	46	0.0000000000000000e+00	0.0000000000000000e+00	1.1200000000000000e+02	9.9113891910487628e-01
0	0.0000000000000000e+00	0	0	32	32	47	0.0000000000000000e+00	0.0000000000000000e+00	1.2000000000000000e+02	9.9172502065973744e-01
0	0.0000000000000000e+00	0	0	32	32	48	0.0000000000000000e+00	0.0000000000000000e+00	1.2800000000000000e+02	9.9223844989555410e-01
0	0.0000000000000000e+00	0	0	32	32	49	0.0000000000000000e+00	0.0000000000000000e+00	1.3600000000000000e+02	9.9269192613251311e-01
0	0.0000000000000000e+00	0	0	32	32	50	0.0000000000000000e+00	0.0000000000000000e+00	1.4400000000000000e+02	9.9309536563404133e-01
0	0.0000000000000000e+00	0	0	32	32	51	0.0000000000000000e+00	0.0000000000000000e+00	1.5200000000000000e+02	0.0000000000000000e+00
0	0.0000000000000000e+00	0	0	32	32	52	0.0000000000000000e+00	0.0000000000000000e+00	1.6000000000000000e+02	9.9378195548790738e-01
0	0.0000000000000000e+00	0	0	32	32	53	0.0000000000000000e+00	0.0000000000000000e+00	1.6800000000000000e+02	9.9407649032400591e-01
0	0.0000000000000000e+00	0	0	32	32	54	0.0000000000000000e+00	0.0000000000000000e+00	1.7600000000000000e+02	9.9434439410248077e-01
0	0.0000000000000000e+00	0	0	32	32	55	0.0000000000000000e+00	0.0000000000000000e+00	1.8400000000000000e+02	9.9458912128342891e-01
0	0.0000000000000000e+00	0	0	32	32	56	0.0000000000000000e+00	0.0000000000000000e+00	1.9200000000000000e+02	0.0000000000000000e+00
0	0.0000000000000000e+00	0	0	32	32	57	0.0000000000000000e+00	0.0000000000000000e+00	2.0000000000000000e+02	0.0000000000000000e+00
0	0.0000000000000000e+00	0	0	32	32	58	0.0000000000000000e+00	0.0000000000000000e+00	2.0800000000000000e+02	9.9521085704686352e-01
0	0.0000000000000000e+00	0	0	32	32	59	0.0000000000000000e+00	0.0000000000000000e+00	2.1600000000000000e+02	9.9538752985533074e-01
0	0.0000000000000000e+00	0	0	32	32	60	0.0000000000000000e+00	0.0000000000000000e+00	2.2400000000000000e+02	9.9555163430187710e-01
0	0.0000000000000000e+00	0	0	32	32	61	0.0000000000000000e+00	0.0000000000000000e+00	2.3200000000000000e+02	0.0000000000000000e+00
0	0.0000000000000000e+00	0	0	32	32	62	0.0000000000000000e+00	0.0000000000000000e+00	2.4000000000000000e+02	9.9584714543239883e-01
0	0.0000000000000000e+00	0	0	32	32	63	0.0000000000000000e+00	0.0000000000000000e+00	2.4800000000000000e+02	9.9598065359394861e-01
0	0.0000000000000000e+00	0	0	32	32	64	0.0000000000000000e+00	0.0000000000000000e+00	2.5600000000000000e+02	9.9610584641597288e-01
0	0.0000000000000000e+00	0	0	32	32	65	0.0000000000000000e+00	0.0000000000000000e+00	2.6400000000000000e+02	9.9610584641597288e-01
0	0.0000000000000000e+00	0	0	32	32	66	0.0000000000000000e+00	0.0000000000000000e+00	2.7200000000000000e+02	9.9610584641597288e-01
0	0.0000000000000000e+00	0	0	32	32	67	0.0000000000000000e+00	0.0000000000000000e+00	2.8000000000000000e+02	9.9610584641597288e-01
0	0.0000000000000000e+00	0	1	64	64	29	0.0000000000000000e+00	0.0000000000000000e+00	-1.4000000000000000e+02	5.0814222830597344e-01
0	0.0000000000000000e+00	0	1	64	64	30	0.0000000000000000e+00	0.0000000000000000e+00	-1.3600000000000000e+02	0.0000000000000000e+00
0	0.0000000000000000e+00	0	1	64	64	31	0.0000000000000000e+00	0.0000000000000000e+00	-1.3200000000000000e+02	-1.7057313695610724e-01
0	0.0000000000000000e+00	0	1	64	64	32	0.0000000000000000e+00	0.0000000000000000e+00	-1.2800000000000000e+02	0.0000000000000000e+00
0	0.0000000000000000e+00	0	1	64	64	33	0.0000000000000000e+00	0.0000000000000000e+00	-1.2400000000000000e+02	0.0000000000000000e+00
0	0.0000000000000000e+00	0	1	64	64	34	0.0000000000000000e+00	0.0000000000000000e+00	-1.2000000000000000e+02	9.9172502065973744e-01
0	0.0000000000000000e+00	0	1	64	64	35	0.0000000000000000e+00	0.0000000000000000e+00	-1.1600000000000000e+02	9.9144198450996157e-01
0	0.0000000000000000e+00	0	1	64	64	36	0.0000000000000000e+00	0.0000000000000000e+00	-1.1200000000000000e+02	9.9113891910487628e-01
0	0.0000000000000000e+00	0	1	64	64	37	0.0000000000000000e+00	0.0000000000000000e+00	-1.0800000000000000e+02	9.9081362253726835e-01
0	0.0000000000000000e+00	0	1	64	64	38	0.0000000000000000e+00	0.0000000000000000e+00	-1.0400000000000000e+02	9.9046355821969001e-01
0	0.0000000000000000e+00	0	1	64	64	39	0.0000000000000000e+00	0.0000000000000000e+00	-1.0000000000000000e+02	0.0000000000000000e+00
0	0.0000000000000000e+00	0	1	64	64	40	0.0000000000000000e+00	0.0000000000000000e+00	-9.6000000000000000e+01	0.0000000000000000e+00
0	0.0000000000000000e+00	0	1	64	64	41	0.0000000000000000e+00	0.0000000000000000e+00	-9.2000000000000000e+01	0.0000000000000000e+00
0	0.0000000000000000e+00	0	1	64	64	42	0.0000000000000000e+00	0.0000000000000000e+00	-8.8000000000000000e+01	9.8874898480555107e-01
0	0.0000000000000000e+00	0	1	64	64	43	0.0000000000000000e+00	0.0000000000000000e+00	-8.4000000000000000e+01	9.8821963652924916e-01
0	0.0000000000000000e+00	0	1	64	64	44	0.0000000000000000e+00	0.0000000000000000e+00	-8.0000000000000000e+01	9.8763811070006780e-01
0	0.0000000000000000e+00	0	1	64	64	45	0.0000000000000000e+00	0.0000000000000000e+00	-7.6000000000000000e+01	0.0000000000000000e+00
0	0.0000000000000000e+00	0	1	64	64	46	0.0000000000000000e+00	0.0000000000000000e+00	-7.2000000000000000e+01	9.8628436689604215e-01
0	0.0000000000000000e+00	0	1	64	64	47	0.0000000000000000e+00	0.0000000000000000e+00	-6.8000000000000000e+01	9.8549015290769482e-01
0	0.0000000000000000e+00	0	1	64	64	48	0.0000000000000000e+00	0.0000000000000000e+00	-6.4000000000000000e+01	9.8459857121084082e-01
0	0.0000000000000000e+00	0	1	64	64	49	0.0000000000000000e+00	0.0000000000000000e+00	-6.0000000000000000e+01	9.8359060479227123e-01
0	0.0000000000000000e+00	0	1	64	64	50	0.0000000000000000e+00	0.0000000000000000e+00	-5.6000000000000000e+01	0.0000000000000000e+00
0	0.0000000000000000e+00	0	1	64	64	51	0.0000000000000000e+00	0.0000000000000000e+00	-5.2000000000000000e+01	9.8112109130707625e-01
0	0.0000000000000000e+00	0	1	64	64	52	0.0000000000000000e+00	0.0000000000000000e+00	-4.8000000000000000e+01	9.7958632686933855e-01
0	0.0000000000000000e+00	0	1	64	64	53	0.0000000000000000e+00	0.0000000000000000e+00	-4.4000000000000000e+01	9.7778142823912617e-01
0	0.0000000000000000e+00	0	1	64	64	54	0.0000000000000000e+00	0.0000000000000000e+00	-4.0000000000000000e+01	0.0000000000000000e+00
0	0.0000000000000000e+00	0	1	64	64	55	0.0000000000000000e+00	0.0000000000000000e+00	-3.6000000000000000e+01	0.0000000000000000e+00
0	0.0000000000000000e+00	0	1	64	64	56	0.0000000000000000e+00	0.0000000000000000e+00	-3.2000000000000000e+01	9.6978597566059477e-01
0	0.0000000000000000e+00	0	1	64	64	57	0.0000000000000000e+00	0.0000000000000000e+00	-2.8000000000000000e+01	0.0000000000000000e+00
0	0.0000000000000000e+00	0	1	64	64	58	0.0000000000000000e+00	0.0000000000000000e+00	-2.4000000000000000e+01	0.0000000000000000e+00
0	0.0000000000000000e+00	0	1	64	64	59	0.0000000000000000e+00	0.0000000000000000e+00	-2.0000000000000000e+01	0.0000000000000000e+00
0	0.0000000000000000e+00	0	1	64	64	60	0.0000000000000000e+00	0.0000000000000000e+00	-1.6000000000000000e+01	0.0000000000000000e+00
0	0.0000000000000000e+00	0	1	64	64	61	0.0000000000000000e+00	0.0000000000000000e+00	-1.2000000000000000e+01	0.0000000000000000e+00
0	0.0000000000000000e+00	0	1	64	64	62	0.0000000000000000e+00	0.0000000000000000e+00	-8.0000000000000000e+00	0.0000000000000000e+00
0	0.0000000000000000e+00	0	1	64	64	63	0.0000000000000000e+00	0.0000000000000000e+00	-4.0000000000000000e+00	8.3345572906575327e-01
0	0.0000000000000000e+00	0	1	64	64	64	0.0000000000000000e+00	0.0000000000000000e+00	0.0000000000000000e+00	0.0000000000000000e+00
0	0.0000000000000000e+00	0	1	64	64	65	0.0000000000000000e+00	0.0000000000000000e+00	4.0000000000000000e+00	0.0000000000000000e+00
0	0.0000000000000000e+00	0	1	64	64	66	0.0000000000000000e+00	0.0000000000000000e+00	8.0000000000000000e+00	0.0000000000000000e+00
0	0.0000000000000000e+00	0	1	64	64	67	0.0000000000000000e+00	0.0000000000000000e+00	1.2000000000000000e+01	9.2599225694896847e-01
0	0.0000000000000000e+00	0	1	64	64	68	0.0000000000000000e+00	0.0000000000000000e+00	1.6000000000000000e+01	0.0000000000000000e+00
0	0.0000000000000000e+00	0	1	64	64	69	0.0000000000000000e+00	0.0000000000000000e+00	2.0000000000000000e+01	9.5299453133072576e-01
0	0.0000000000000000e+00	0	1	64	64	70	0.0000000000000000e+00	0.0000000000000000e+00	2.4000000000000000e+01	9.6031634708049118e-01
0	0.0000000000000000e+00	0	1	64	64	71	0.0000000000000000e+00	0.0000000000000000e+00	2.8000000000000000e+01	0.0000000000000000e+00
0	0.0000000000000000e+00	0	1	64	64	72	0.0000000000000000e+00	0.0000000000000000e+00	3.2000000000000000e+01	9.6978597566059477e-01
0	0.0000000000000000e+00	0	1	64	64	73	0.0000000000000000e+00	0.0000000000000000e+00	3.6000000000000000e+01	0.0000000000000000e+00
0	0.0000000000000000e+00	0	1	64	64	74	0.0000000000000000e+00	0.0000000000000000e+00	4.0000000000000000e+01	9.7562868195852082e-01
0	0.0000000000000000e+00	0	1	64	64	75	0.0000000000000000e+00	0.0000000000000000e+00	4.4000000000000000e+01	9.7778142823912617e-01
0	0.0000000000000000e+00	0	1	64	64	76	0.0000000000000000e+00	0.0000000000000000e+00	4.8000000000000000e+01	9.7958632686933855e-01
0	0.0000000000000000e+00	0	1	64	64	77	0.0000000000000000e+00	0.0000000000000000e+00	5.2000000000000000e+01	9.8112109130707625e-01
0	0.0000000000000000e+00	0	1	64	64	78	0.0000000000000000e+00	0.0000000000000000e+00	5.6000000000000000e+01	0.0000000000000000e+00
0	0.0000000000000000e+00	0	1	64	64	79	0.0000000000000000e+00	0.0000000000000000e+00	6.0000000000000000e+01	0.0000000000000000e+00
0	0.0000000000000000e+00	0	1	64	64	80	0.0000000000000000e+00	0.0000000000000000e+00	6.4000000000000000e+01	9.8459857121084082e-01
0	0.0000000000000000e+00	0	1	64	64	81	0.0000000000000000e+00	0.0000000000000000e+00	6.8000000000000000e+01	0.0000000000000000e+00
0	0.0000000000000000e+00	0	1	64	64	82	0.0000000000000000e+00	0.0000000000000000e+00	7.2000000000000000e+01	0.0000000000000000e+00
0	0.0000000000000000e+00	0	1	64	64	83	0.0000000000000000e+00	0.0000000000000000e+00	7.6000000000000000e+01	9.8699630840770558e-01
0	0.0000000000000000e+00	0	1	64	64	84	0.0000000000000000e+00	0.0000000000000000e+00	8.0000000000000000e+01	9.8763811070006780e-01
0	0.0000000000000000e+00	0	1	64	64	85	0.0000000000000000e+00	0.0000000000000000e+00	8.4000000000000000e+01	9.8821963652924916e-01
0	0.0000000000000000e+00	0	1	64	64	86	0.0000000000000000e+00	0.0000000000000000e+00	8.8000000000000000e+01	9.8874898480555107e-01
0	0.0000000000000000e+00	0	1	64	64	87	0.0000000000000000e+00	0.0000000000000000e+00	9.2000000000000000e+01	9.8923286753784168e-01
0	0.0000000000000000e+00	0	1	64	64	88	0.0000000000000000e+00	0.0000000000000000e+00	9.6000000000000000e+01	9.8967689418196203e-01
0	0.0000000000000000e+00	0	1	64	64	89	0.0000000000000000e+00	0.0000000000000000e+00	1.0000000000000000e+02	9.9008578885962373e-01
0	0.0000000000000000e+00	0	1	64	64	90	0.0000000000000000e+00	0.0000000000000000e+00	1.0400000000000000e+02	9.9046355821969001e-01
0	0.0000000000000000e+00	0	1	64	64	91	0.0000000000000000e+00	0.0000000000000000e+00	1.0800000000000000e+02	9.9081362253726835e-01
0	0.0000000000000000e+00	0	1	64	64	92	0.0000000000000000e+00	0.0000000000000000e+00	1.1200000000000000e+02	9.9113891910487628e-01
0	0.0000000000000000e+00	0	1	64	64	93	0.0000000000000000e+00	0.0000000000000000e+00	1.1600000000000000e+02	9.9144198450996157e-01
0	0.0000000000000000e+00	0	1	64	64	94	0.0000000000000000e+00	0.0000000000000000e+00	1.2000000000000000e+02	9.9172502065973744e-01
0	0.0000000000000000e+00	0	1	64	64	95	0.0000000000000000e+00	0.0000000000000000e+00	1.2400000000000000e+02	9.9198994817689357e-01
0	0.0000000000000000e+00	0	1	64	64	96	0.0000000000000000e+00	0.0000000000000000e+00	1.2800000000000000e+02	9.9223844989555410e-01
0	0.0000000000000000e+00	0	1	64	64	97	0.0000000000000000e+00	0.0000000000000000e+00	1.3200000000000000e+02	9.8082993556320408e-01
0	0.0000000000000000e+00	0	1	64	64	98	0.0000000000000000e+00	0.0000000000000000e+00	1.3600000000000000e+02	9.9269192613251311e-01
0	0.0000000000000000e+00	0	1	64	64	99	0.0000000000000000e+00	0.0000000000000000e+00	1.4000000000000000e+02	1.0899166150235828e+00
0	0.0000000000000000e+00	0	2	128	128	93	0.0000000000000000e+00	0.0000000000000000e+00	-7.0000000000000000e+01	1.0822847649873693e+00
0	0.0000000000000000e+00	0	2	128	128	94	0.0000000000000000e+00	0.0000000000000000e+00	-6.8000000000000000e+01	9.8549015290769482e-01
0	0.0000000000000000e+00	0	2	128	128	95	0.0000000000000000e+00	0.0000000000000000e+00	-6.6000000000000000e+01	9.6197825908426760e-01
0	0.0000000000000000e+00	0	2	128	128	96	0.0000000000000000e+00	0.0000000000000000e+00	-6.4000000000000000e+01	9.8459857121084082e-01
0	0.0000000000000000e+00	0	2	128	128	97	0.0000000000000000e+00	0.0000000000000000e+00	-6.2000000000000000e+01	9.8411051148873807e-01
0	0.0000000000000000e+00	0	2	128	128	98	0.0000000000000000e+00	0.0000000000000000e+00	-6.0000000000000000e+01	9.8359060479227123e-01
0	0.0000000000000000e+00	0	2	128	128	99	0.0000000000000000e+00	0.0000000000000000e+00	-5.8000000000000000e+01	9.8303563917609693e-01
0	0.0000000000000000e+00	0	2	128	128	100	0.0000000000000000e+00	0.0000000000000000e+00	-5.6000000000000000e+01	0.0000000000000000e+00
0	0.0000000000000000e+00	0	2	128	128	101	0.0000000000000000e+00	0.0000000000000000e+00	-5.4000000000000000e+01	0.0000000000000000e+00
0	0.0000000000000000e+00	0	2	128	128	102	0.0000000000000000e+00	0.0000000000000000e+00	-5.2000000000000000e+01	9.8112109130707625e-01
0	0.0000000000000000e+00	0	2	128	128	103	0.0000000000000000e+00	0.0000000000000000e+00	-5.0000000000000000e+01	9.8038355439787417e-01
0	0.0000000000000000e+00	0	2	128	128	104	0.0000000000000000e+00	0.0000000000000000e+00	-4.8000000000000000e+01	9.7958632686933855e-01
0	0.0000000000000000e+00	0	2	128	128	105	0.0000000000000000e+00	0.0000000000000000e+00	-4.6000000000000000e+01	0.0000000000000000e+00
0	0.0000000000000000e+00	0	2	128	128	106	0.0000000000000000e+00	0.0000000000000000e+00	-4.4000000000000000e+01	9.7778142823912617e-01
0	0.0000000000000000e+00	0	2	128	128	107	0.0000000000000000e+00	0.0000000000000000e+00	-4.2000000000000000e+01	9.7675449837961714e-01
0	0.0000000000000000e+00	0	2	128	128	108	0.0000000000000000e+00	0.0000000000000000e+00	-4.0000000000000000e+01	0.0000000000000000e+00
0	0.0000000000000000e+00	0	2	128	128	109	0.0000000000000000e+00	0.0000000000000000e+00	-3.8000000000000000e+01	9.7438907367184202e-01
0	0.0000000000000000e+00	0	2	128	128	110	0.0000000000000000e+00	0.0000000000000000e+00	-3.6000000000000000e+01	0.0000000000000000e+00
0	0.0000000000000000e+00	0	2	128	128	111	0.0000000000000000e+00	0.0000000000000000e+00	-3.4000000000000000e+01	9.7149233363608922e-01
0	0.0000000000000000e+00	0	2	128	128	112	0.0000000000000000e+00	0.0000000000000000e+00	-3.2000000000000000e+01	9.6978597566059477e-01
0	0.0000000000000000e+00	0	2	128	128	113	0.0000000000000000e+00	0.0000000000000000e+00	-3.0000000000000000e+01	9.6786461859679584e-01
0	0.0000000000000000e+00	0	2	128	128	114	0.0000000000000000e+00	0.0000000000000000e+00	-2.8000000000000000e+01	0.0000000000000000e+00
0	0.0000000000000000e+00	0	2	128	128	115	0.0000000000000000e+00	0.0000000000000000e+00	-2.6000000000000000e+01	9.6319315918458526e-01
0	0.0000000000000000e+00	0	2	128	128	116	0.0000000000000000e+00	0.0000000000000000e+00	-2.4000000000000000e+01	0.0000000000000000e+00
0	0.0000000000000000e+00	0	2	128	128	117	0.0000000000000000e+00	0.0000000000000000e+00	-2.2000000000000000e+01	9.5695978277559424e-01
0	0.0000000000000000e+00	0	2	128	128	118	0.0000000000000000e+00	0.0000000000000000e+00	-2.0000000000000000e+01	0.0000000000000000e+00
0	0.0000000000000000e+00	0	2	128	128	119	0.0000000000000000e+00	0.0000000000000000e+00	-1.8000000000000000e+01	0.0000000000000000e+00
0	0.0000000000000000e+00	0	2	128	128	120	0.0000000000000000e+00	0.0000000000000000e+00	-1.6000000000000000e+01	0.0000000000000000e+00
0	0.0000000000000000e+00	0	2	128	128	121	0.0000000000000000e+00	0.0000000000000000e+00	-1.4000000000000000e+01	0.0000000000000000e+00
0	0.0000000000000000e+00	0	2	128	128	122	0.0000000000000000e+00	0.0000000000000000e+00	-1.2000000000000000e+01	0.0000000000000000e+00
0	0.0000000000000000e+00	0	2	128	128	123	0.0000000000000000e+00	0.0000000000000000e+00	-1.0000000000000000e+01	9.1378877681970816e-01
0	0.0000000000000000e+00	0	2	128	128	124	0.0000000000000000e+00	0.0000000000000000e+00	-8.0000000000000000e+00	0.0000000000000000e+00
0	0.0000000000000000e+00	0	2	128	128	125	0.0000000000000000e+00	0.0000000000000000e+00	-6.0000000000000000e+00	8.7224528160489312e-01
0	0.0000000000000000e+00	0	2	128	128	126	0.0000000000000000e+00	0.0000000000000000e+00	-4.0000000000000000e+00	8.3345572906575327e-01
0	0.0000000000000000e+00	0	2	128	128	127	0.0000000000000000e+00	0.0000000000000000e+00	-2.0000000000000000e+00	7.7185627523447398e-01
0	0.0000000000000000e+00	0	2	128	128	128	0.0000000000000000e+00	0.0000000000000000e+00	0.0000000000000000e+00	0.0000000000000000e+00
0	0.0000000000000000e+00	0	2	128	128	129	0.0000000000000000e+00	0.0000000000000000e+00	2.0000000000000000e+00	7.7185627523447398e-01
0	0.0000000000000000e+00	0	2	128	128	130	0.0000000000000000e+00	0.0000000000000000e+00	4.0000000000000000e+00	0.0000000000000000e+00
0	0.0000000000000000e+00	0	2	128	128	131	0.0000000000000000e+00	0.0000000000000000e+00	6.0000000000000000e+00	8.7224528160489312e-01
0	0.0000000000000000e+00	0	2	128	128	132	0.0000000000000000e+00	0.0000000000000000e+00	8.0000000000000000e+00	0.0000000000000000e+00
0	0.0000000000000000e+00	0	2	128	128	133	0.0000000000000000e+00	0.0000000000000000e+00	1.0000000000000000e+01	9.1378877681970816e-01
0	0.0000000000000000e+00	0	2	128	128	134	0.0000000000000000e+00	0.0000000000000000e+00	1.2000000000000000e+01	9.2599225694896847e-01
0	0.0000000000000000e+00	0	2	128	128	135	0.0000000000000000e+00	0.0000000000000000e+00	1.4000000000000000e+01	9.3522393884350319e-01
0	0.0000000000000000e+00	0	2	128	128	136	0.0000000000000000e+00	0.0000000000000000e+00	1.6000000000000000e+01	0.0000000000000000e+00
0	0.0000000000000000e+00	0	2	128	128	137	0.0000000000000000e+00	0.0000000000000000e+00	1.8000000000000000e+01	9.4824149057801466e-01
0	0.0000000000000000e+00	0	2	128	128	138	0.0000000000000000e+00	0.0000000000000000e+00	2.0000000000000000e+01	9.5299453133072576e-01
0	0.0000000000000000e+00	0	2	128	128	139	0.0000000000000000e+00	0.0000000000000000e+00	2.2000000000000000e+01	9.5695978277559424e-01
0	0.0000000000000000e+00	0	2	128	128	140	0.0000000000000000e+00	0.0000000000000000e+00	2.4000000000000000e+01	9.6031634708049118e-01
0	0.0000000000000000e+00	0	2	128	128	141	0.0000000000000000e+00	0.0000000000000000e+00	2.6000000000000000e+01	9.6319315918458526e-01
0	0.0000000000000000e+00	0	2	128	128	142	0.0000000000000000e+00	0.0000000000000000e+00	2.8000000000000000e+01	0.0000000000000000e+00
0	0.0000000000000000e+00	0	2	128	128	143	0.0000000000000000e+00	0.0000000000000000e+00	3.0000000000000000e+01	0.0000000000000000e+00
0	0.0000000000000000e+00	0	2	128	128	144	0.0000000000000000e+00	0.0000000000000000e+00	3.2000000000000000e+01	9.6978597566059477e-01
0	0.0000000000000000e+00	0	2	128	128	145	0.0000000000000000e+00	0.0000000000000000e+00	3.4000000000000000e+01	0.0000000000000000e+00
0	0.0000000000000000e+00	0	2	128	128	146	0.0000000000000000e+00	0.0000000000000000e+00	3.6000000000000000e+01	0.0000000000000000e+00
0	0.0000000000000000e+00	0	2	128	128	147	0.0000000000000000e+00	0.0000000000000000e+00	3.8000000000000000e+01	9.7438907367184202e-01
0	0.0000000000000000e+00	0	2	128	128	148	0.0000000000000000e+00	0.0000000000000000e+00	4.0000000000000000e+01	9.7562868195852082e-01
0	0.0000000000000000e+00	0	2	128	128	149	0.0000000000000000e+00	0.0000000000000000e+00	4.2000000000000000e+01	9.7675449837961714e-01
0	0.0000000000000000e+00	0	2	128	128	150	0.0000000000000000e+00	0.0000000000000000e+00	4.4000000000000000e+01	9.7778142823912617e-01
0	0.0000000000000000e+00	0	2	128	128	151	0.0000000000000000e+00	0.0000000000000000e+00	4.6000000000000000e+01	9.7872189337398297e-01
0	0.0000000000000000e+00	0	2	128	128	152	0.0000000000000000e+00	0.0000000000000000e+00	4.8000000000000000e+01	9.7958632686933855e-01
0	0.0000000000000000e+00	0	2	128	128	153	0.0000000000000000e+00	0.0000000000000000e+00	5.0000000000000000e+01	9.8038355439787417e-01
0	0.0000000000000000e+00	0	2	128	128	154	0.0000000000000000e+00	0.0000000000000000e+00	5.2000000000000000e+01	9.8112109130707625e-01
0	0.0000000000000000e+00	0	2	128	128	155	0.0000000000000000e+00	0.0000000000000000e+00	5.4000000000000000e+01	0.0000000000000000e+00
0	0.0000000000000000e+00	0	2	128	128	156	0.0000000000000000e+00	0.0000000000000000e+00	5.6000000000000000e+01	0.0000000000000000e+00
0	0.0000000000000000e+00	0	2	128	128	157	0.0000000000000000e+00	0.0000000000000000e+00	5.8000000000000000e+01	9.8303563917609693e-01
0	0.0000000000000000e+00	0	2	128	128	158	0.0000000000000000e+00	0.0000000000000000e+00	6.0000000000000000e+01	0.0000000000000000e+00
0	0.0000000000000000e+00	0	2	128	128	159	0.0000000000000000e+00	0.0000000000000000e+00	6.2000000000000000e+01	0.0000000000000000e+00
0	0.0000000000000000e+00	0	2	128	128	160	0.0000000000000000e+00	0.0000000000000000e+00	6.4000000000000000e+01	9.8459857121084082e-01
0	0.0000000000000000e+00	0	2	128	128	161	0.0000000000000000e+00	0.0000000000000000e+00	6.6000000000000000e+01	5.8847958830800484e-01
0	0.0000000000000000e+00	0	2	128	128	162	0.0000000000000000e+00	0.0000000000000000e+00	6.8000000000000000e+01	0.0000000000000000e+00
0	0.0000000000000000e+00	0	2	128	128	163	0.0000000000000000e+00	0.0000000000000000e+00	7.0000000000000000e+01	-1.8096467835298227e-01
0	0.0000000000000000e+00	0	3	256	256	221	0.0000000000000000e+00	0.0000000000000000e+00	-3.5000000000000000e+01	3.9071510807770637e-01
0	0.0000000000000000e+00	0	3	256	256	222	0.0000000000000000e+00	0.0000000000000000e+00	-3.4000000000000000e+01	9.7149233363608922e-01
0	0.0000000000000000e+00	0	3	256	256	223	0.0000000000000000e+00	0.0000000000000000e+00	-3.3000000000000000e+01	1.0543683521507741e+00
0	0.0000000000000000e+00	0	3	256	256	224	0.0000000000000000e+00	0.0000000000000000e+00	-3.2000000000000000e+01	9.6978597566059477e-01
0	0.0000000000000000e+00	0	3	256	256	225	0.0000000000000000e+00	0.0000000000000000e+00	-3.1000000000000000e+01	9.6885461232493075e-01
0	0.0000000000000000e+00	0	3	256	256	226	0.0000000000000000e+00	0.0000000000000000e+00	-3.0000000000000000e+01	9.6786461859679584e-01
0	0.0000000000000000e+00	0	3	256	256	227	0.0000000000000000e+00	0.0000000000000000e+00	-2.9000000000000000e+01	9.6681033432142904e-01
0	0.0000000000000000e+00	0	3	256	256	228	0.0000000000000000e+00	0.0000000000000000e+00	-2.8000000000000000e+01	0.0000000000000000e+00
0	0.0000000000000000e+00	0	3	256	256	229	0.0000000000000000e+00	0.0000000000000000e+00	-2.7000000000000000e+01	0.0000000000000000e+00
0	0.0000000000000000e+00	0	3	256	256	230	0.0000000000000000e+00	0.0000000000000000e+00	-2.6000000000000000e+01	9.6319315918458526e-01
0	0.0000000000000000e+00	0	3	256	256	231	0.0000000000000000e+00	0.0000000000000000e+00	-2.5000000000000000e+01	0.0000000000000000e+00
0	0.0000000000000000e+00	0	3	256	256	232	0.0000000000000000e+00	0.0000000000000000e+00	-2.4000000000000000e+01	0.0000000000000000e+00
0	0.0000000000000000e+00	0	3	256	256	233	0.0000000000000000e+00	0.0000000000000000e+00	-2.3000000000000000e+01	9.5870514574337795e-01
0	0.0000000000000000e+00	0	3	256	256	234	0.0000000000000000e+00	0.0000000000000000e+00	-2.2000000000000000e+01	9.5695978277559424e-01
0	0.0000000000000000e+00	0	3	256	256	235	0.0000000000000000e+00	0.0000000000000000e+00	-2.1000000000000000e+01	0.0000000000000000e+00
0	0.0000000000000000e+00	0	3	256	256	236	0.0000000000000000e+00	0.0000000000000000e+00	-2.0000000000000000e+01	0.0000000000000000e+00
0	0.0000000000000000e+00	0	3	256	256	237	0.0000000000000000e+00	0.0000000000000000e+00	-1.9000000000000000e+01	0.0000000000000000e+00
0	0.0000000000000000e+00	0	3	256	256	238	0.0000000000000000e+00	0.0000000000000000e+00	-1.8000000000000000e+01	0.0000000000000000e+00
0	0.0000000000000000e+00	0	3	256	256	239	0.0000000000000000e+00	0.0000000000000000e+00	-1.7000000000000000e+01	9.4549357969978576e-01
0	0.0000000000000000e+00	0	3	256	256	240	0.0000000000000000e+00	0.0000000000000000e+00	-1.6000000000000000e+01	0.0000000000000000e+00
0	0.0000000000000000e+00	0	3	256	256	241	0.0000000000000000e+00	0.0000000000000000e+00	-1.5000000000000000e+01	9.3904262135660632e-01
0	0.0000000000000000e+00	0	3	256	256	242	0.0000000000000000e+00	0.0000000000000000e+00	-1.4000000000000000e+01	0.0000000000000000e+00
0	0.0000000000000000e+00	0	3	256	256	243	0.0000000000000000e+00	0.0000000000000000e+00	-1.3000000000000000e+01	9.3090798711779144e-01
0	0.0000000000000000e+00	0	3	256	256	244	0.0000000000000000e+00	0.0000000000000000e+00	-1.2000000000000000e+01	0.0000000000000000e+00
0	0.0000000000000000e+00	0	3	256	256	245	0.0000000000000000e+00	0.0000000000000000e+00	-1.1000000000000000e+01	0.0000000000000000e+00
0	0.0000000000000000e+00	0	3	256	256	246	0.0000000000000000e+00	0.0000000000000000e+00	-1.0000000000000000e+01	9.1378877681970816e-01
0	0.0000000000000000e+00	0	3	256	256	247	0.0000000000000000e+00	0.0000000000000000e+00	-9.0000000000000000e+00	9.0609186937093367e-01
0	0.0000000000000000e+00	0	3	256	256	248	0.0000000000000000e+00	0.0000000000000000e+00	-8.0000000000000000e+00	0.0000000000000000e+00
0	0.0000000000000000e+00	0	3	256	256	249	0.0000000000000000e+00	0.0000000000000000e+00	-7.0000000000000000e+00	8.8586184065525209e-01
0	0.0000000000000000e+00	0	3	256	256	250	0.0000000000000000e+00	0.0000000000000000e+00	-6.0000000000000000e+00	8.7224528160489312e-01
0	0.0000000000000000e+00	0	3	256	256	251	0.0000000000000000e+00	0.0000000000000000e+00	-5.0000000000000000e+00	8.5518282530778589e-01
0	0.0000000000000000e+00	0	3	256	256	252	0.0000000000000000e+00	0.0000000000000000e+00	-4.0000000000000000e+00	8.3345572906575327e-01
0	0.0000000000000000e+00	0	3	256	256	253	0.0000000000000000e+00	0.0000000000000000e+00	-3.0000000000000000e+00	8.0571997548823759e-01
0	0.0000000000000000e+00	0	3	256	256	254	0.0000000000000000e+00	0.0000000000000000e+00	-2.0000000000000000e+00	7.7185627523447398e-01
0	0.0000000000000000e+00	0	3	256	256	255	0.0000000000000000e+00	0.0000000000000000e+00	-1.0000000000000000e+00	0.0000000000000000e+00
0	0.0000000000000000e+00	0	3	256	256	256	0.0000000000000000e+00	0.0000000000000000e+00	0.0000000000000000e+00	0.0000000000000000e+00
0	0.0000000000000000e+00	0	3	256	256	257	0.0000000000000000e+00	0.0000000000000000e+00	1.0000000000000000e+00	0.0000000000000000e+00
0	0.0000000000000000e+00	0	3	256	256	258	0.0000000000000000e+00	0.0000000000000000e+00	2.0000000000000000e+00	7.7185627523447398e-01
0	0.0000000000000000e+00	0	3	256	256	259	0.0000000000000000e+00	0.0000000000000000e+00	3.0000000000000000e+00	8.0571997548823759e-01
0	0.0000000000000000e+00	0	3	256	256	260	0.0000000000000000e+00	0.0000000000000000e+00	4.0000000000000000e+00	0.0000000000000000e+00
0	0.0000000000000000e+00	0	3	256	256	261	0.0000000000000000e+00	0.0000000000000000e+00	5.0000000000000000e+00	8.5518282530778589e-01
0	0.0000000000000000e+00	0	3	256	256	262	0.0000000000000000e+00	0.0000000000000000e+00	6.0000000000000000e+00	8.7224528160489312e-01
0	0.0000000000000000e+00	0	3	256	256	263	0.0000000000000000e+00	0.0000000000000000e+00	7.0000000000000000e+00	0.0000000000000000e+00
0	0.0000000000000000e+00	0	3	256	256	264	0.0000000000000000e+00	0.0000000000000000e+00	8.0000000000000000e+00	0.0000000000000000e+00
0	0.0000000000000000e+00	0	3	256	256	265	0.0000000000000000e+00	0.0000000000000000e+00	9.0000000000000000e+00	9.0609186937093367e-01
0	0.0000000000000000e+00	0	3	256	256	266	0.0000000000000000e+00	0.0000000000000000e+00	1.0000000000000000e+01	9.1378877681970816e-01
0	0.0000000000000000e+00	0	3	256	256	267	0.0000000000000000e+00	0.0000000000000000e+00	1.1000000000000000e+01	0.0000000000000000e+00
0	0.0000000000000000e+00	0	3	256	256	268	0.0000000000000000e+00	0.0000000000000000e+00	1.2000000000000000e+01	9.2599225694896847e-01
0	0.0000000000000000e+00	0	3	256	256	269	0.0000000000000000e+00	0.0000000000000000e+00	1.3000000000000000e+01	0.0000000000000000e+00
0	0.0000000000000000e+00	0	3	256	256	270	0.0000000000000000e+00	0.0000000000000000e+00	1.4000000000000000e+01	9.3522393884350319e-01
0	0.0000000000000000e+00	0	3	256	256	271	0.0000000000000000e+00	0.0000000000000000e+00	1.5000000000000000e+01	9.3904262135660632e-01
0	0.0000000000000000e+00	0	3	256	256	272	0.0000000000000000e+00	0.0000000000000000e+00	1.6000000000000000e+01	0.0000000000000000e+00
0	0.0000000000000000e+00	0	3	256	256	273	0.0000000000000000e+00	0.0000000000000000e+00	1.7000000000000000e+01	0.0000000000000000e+00
0	0.0000000000000000e+00	0	3	256	256	274	0.0000000000000000e+00	0.0000000000000000e+00	1.8000000000000000e+01	9.4824149057801466e-01
0	0.0000000000000000e+00	0	3	256	256	275	0.0000000000000000e+00	0.0000000000000000e+00	1.9000000000000000e+01	9.5073027164938240e-01
0	0.0000000000000000e+00	0	3	256	256	276	0.0000000000000000e+00	0.0000000000000000e+00	2.0000000000000000e+01	9.5299453133072576e-01
0	0.0000000000000000e+00	0	3	256	256	277	0.0000000000000000e+00	0.0000000000000000e+00	2.1000000000000000e+01	9.5506301251044956e-01
0	0.0000000000000000e+00	0	3	256	256	278	0.0000000000000000e+00	0.0000000000000000e+00	2.2000000000000000e+01	9.5695978277559424e-01
0	0.0000000000000000e+00	0	3	256	256	279	0.0000000000000000e+00	0.0000000000000000e+00	2.3000000000000000e+01	0.0000000000000000e+00
0	0.0000000000000000e+00	0	3	256	256	280	0.0000000000000000e+00	0.0000000000000000e+00	2.4000000000000000e+01	9.6031634708049118e-01
0	0.0000000000000000e+00	0	3	256	256	281	0.0000000000000000e+00	0.0000000000000000e+00	2.5000000000000000e+01	9.6180812735091792e-01
0	0.0000000000000000e+00	0	3	256	256	282	0.0000000000000000e+00	0.0000000000000000e+00	2.6000000000000000e+01	9.6319315918458526e-01
0	0.0000000000000000e+00	0	3	256	256	283	0.0000000000000000e+00	0.0000000000000000e+00	2.7000000000000000e+01	0.0000000000000000e+00
0	0.0000000000000000e+00	0	3	256	256	284	0.0000000000000000e+00	0.0000000000000000e+00	2.8000000000000000e+01	0.0000000000000000e+00
0	0.0000000000000000e+00	0	3	256	256	285	0.0000000000000000e+00	0.0000000000000000e+00	2.9000000000000000e+01	0.0000000000000000e+00
0	0.0000000000000000e+00	0	3	256	256	286	0.0000000000000000e+00	0.0000000000000000e+00	3.0000000000000000e+01	0.0000000000000000e+00
0	0.0000000000000000e+00	0	3	256	256	287	0.0000000000000000e+00	0.0000000000000000e+00	3.1000000000000000e+01	0.0000000000000000e+00
0	0.0000000000000000e+00	0	3	256	256	288	0.0000000000000000e+00	0.0000000000000000e+00	3.2000000000000000e+01	9.6978597566059477e-01
0	0.0000000000000000e+00	0	3	256	256	289	0.0000000000000000e+00	0.0000000000000000e+00	3.3000000000000000e+01	5.7965259207072162e-01
0	0.0000000000000000e+00	0	3	256	256	290	0.0000000000000000e+00	0.0000000000000000e+00	3.4000000000000000e+01	0.0000000000000000e+00
0	0.0000000000000000e+00	0	3	256	256	291	0.0000000000000000e+00	0.0000000000000000e+00	3.5000000000000000e+01	-1.7842769604466938e-01
0	0.0000000000000000e+00	0	4	512	512	477	0.0000000000000000e+00	0.0000000000000000e+00	-1.7500000000000000e+01	5.6500455007436590e-01
0	0.0000000000000000e+00	0	4	512	512	478	0.0000000000000000e+00	0.0000000000000000e+00	-1.7000000000000000e+01	9.4549357969978576e-01
0	0.0000000000000000e+00	0	4	512	512	479	0.0000000000000000e+00	0.0000000000000000e+00	-1.6500000000000000e+01	4.6229676336348707e-01
0	0.0000000000000000e+00	0	4	512	512	480	0.0000000000000000e+00	0.0000000000000000e+00	-1.6000000000000000e+01	0.0000000000000000e+00
0	0.0000000000000000e+00	0	4	512	512	481	0.0000000000000000e+00	0.0000000000000000e+00	-1.5500000000000000e+01	0.0000000000000000e+00
0	0.0000000000000000e+00	0	4	512	512	482	0.0000000000000000e+00	0.0000000000000000e+00	-1.5000000000000000e+01	9.3904262135660632e-01
0	0.0000000000000000e+00	0	4	512	512	483	0.0000000000000000e+00	0.0000000000000000e+00	-1.4500000000000000e+01	0.0000000000000000e+00
0	0.0000000000000000e+00	0	4	512	512	484	0.0000000000000000e+00	0.0000000000000000e+00	-1.4000000000000000e+01	9.3522393884350319e-01
0	0.0000000000000000e+00	0	4	512	512	485	0.0000000000000000e+00	0.0000000000000000e+00	-1.3500000000000000e+01	0.0000000000000000e+00
0	0.0000000000000000e+00	0	4	512	512	486	0.0000000000000000e+00	0.0000000000000000e+00	-1.3000000000000000e+01	9.3090798711779144e-01
0	0.0000000000000000e+00	0	4	512	512	487	0.0000000000000000e+00	0.0000000000000000e+00	-1.2500000000000000e+01	9.2853256235303783e-01
0	0.0000000000000000e+00	0	4	512	512	488	0.0000000000000000e+00	0.0000000000000000e+00	-1.2000000000000000e+01	0.0000000000000000e+00
0	0.0000000000000000e+00	0	4	512	512	489	0.0000000000000000e+00	0.0000000000000000e+00	-1.1500000000000000e+01	0.0000000000000000e+00
0	0.0000000000000000e+00	0	4	512	512	490	0.0000000000000000e+00	0.0000000000000000e+00	-1.1000000000000000e+01	0.0000000000000000e+00
0	0.0000000000000000e+00	0	4	512	512	491	0.0000000000000000e+00	0.0000000000000000e+00	-1.0500000000000000e+01	9.1719281620588711e-01
0	0.0000000000000000e+00	0	4	512	512	492	0.0000000000000000e+00	0.0000000000000000e+00	-1.0000000000000000e+01	9.1378877681970816e-01
0	0.0000000000000000e+00	0	4	512	512	493	0.0000000000000000e+00	0.0000000000000000e+00	-9.5000000000000000e+00	9.1010066414494972e-01
0	0.0000000000000000e+00	0	4	512	512	494	0.0000000000000000e+00	0.0000000000000000e+00	-9.0000000000000000e+00	9.0609186937093367e-01
0	0.0000000000000000e+00	0	4	512	512	495	0.0000000000000000e+00	0.0000000000000000e+00	-8.5000000000000000e+00	9.0171936113619222e-01
0	0.0000000000000000e+00	0	4	512	512	496	0.0000000000000000e+00	0.0000000000000000e+00	-8.0000000000000000e+00	0.0000000000000000e+00
0	0.0000000000000000e+00	0	4	512	512	497	0.0000000000000000e+00	0.0000000000000000e+00	-7.5000000000000000e+00	8.9167040960634736e-01
0	0.0000000000000000e+00	0	4	512	512	498	0.0000000000000000e+00	0.0000000000000000e+00	-7.0000000000000000e+00	8.8586184065525209e-01
0	0.0000000000000000e+00	0	4	512	512	499	0.0000000000000000e+00	0.0000000000000000e+00	-6.5000000000000000e+00	8.7942089027586834e-01
0	0.0000000000000000e+00	0	4	512	512	500	0.0000000000000000e+00	0.0000000000000000e+00	-6.0000000000000000e+00	8.7224528160489312e-01
0	0.0000000000000000e+00	0	4	512	512	501	0.0000000000000000e+00	0.0000000000000000e+00	-5.5000000000000000e+00	0.0000000000000000e+00
0	0.0000000000000000e+00	0	4	512	512	502	0.0000000000000000e+00	0.0000000000000000e+00	-5.0000000000000000e+00	8.5518282530778589e-01
0	0.0000000000000000e+00	0	4	512	512	503	0.0000000000000000e+00	0.0000000000000000e+00	-4.5000000000000000e+00	8.4498966919136953e-01
0	0.0000000000000000e+00	0	4	512	512	504	0.0000000000000000e+00	0.0000000000000000e+00	-4.0000000000000000e+00	8.3345572906575327e-01
0	0.0000000000000000e+00	0	4	512	512	505	0.0000000000000000e+00	0.0000000000000000e+00	-3.5000000000000000e+00	0.0000000000000000e+00
0	0.0000000000000000e+00	0	4	512	512	506	0.0000000000000000e+00	0.0000000000000000e+00	-3.0000000000000000e+00	8.0571997548823759e-01
0	0.0000000000000000e+00	0	4	512	512	507	0.0000000000000000e+00	0.0000000000000000e+00	-2.5000000000000000e+00	7.8941818099359573e-01
0	0.0000000000000000e+00	0	4	512	512	508	0.0000000000000000e+00	0.0000000000000000e+00	-2.0000000000000000e+00	7.7185627523447398e-01
0	0.0000000000000000e+00	0	4	512	512	509	0.0000000000000000e+00	0.0000000000000000e+00	-1.5000000000000000e+00	0.0000000000000000e+00
0	0.0000000000000000e+00	0	4	512	512	510	0.0000000000000000e+00	0.0000000000000000e+00	-1.0000000000000000e+00	0.0000000000000000e+00
0	0.0000000000000000e+00	0	4	512	512	511	0.0000000000000000e+00	0.0000000000000000e+00	-5.0000000000000000e-01	7.2608085301560643e-01
0	0.0000000000000000e+00	0	4	512	512	512	0.0000000000000000e+00	0.0000000000000000e+00	0.0000000000000000e+00	0.0000000000000000e+00
0	0.0000000000000000e+00	0	4	512	512	513	0.0000000000000000e+00	0.0000000000000000e+00	5.0000000000000000e-01	7.2608085301560643e-01
0	0.0000000000000000e+00	0	4	512	512	514	0.0000000000000000e+00	0.0000000000000000e+00	1.0000000000000000e+00	0.0000000000000000e+00
0	0.0000000000000000e+00	0	4	512	512	515	0.0000000000000000e+00	0.0000000000000000e+00	1.5000000000000000e+00	7.5401146637949057e-01
0	0.0000000000000000e+00	0	4	512	512	516	0.0000000000000000e+00	0.0000000000000000e+00	2.0000000000000000e+00	7.7185627523447398e-01
0	0.0000000000000000e+00	0	4	512	512	517	0.0000000000000000e+00	0.0000000000000000e+00	2.5000000000000000e+00	0.0000000000000000e+00
0	0.0000000000000000e+00	0	4	512	512	518	0.0000000000000000e+00	0.0000000000000000e+00	3.0000000000000000e+00	8.0571997548823759e-01
0	0.0000000000000000e+00	0	4	512	512	519	0.0000000000000000e+00	0.0000000000000000e+00	3.5000000000000000e+00	0.0000000000000000e+00
0	0.0000000000000000e+00	0	4	512	512	520	0.0000000000000000e+00	0.0000000000000000e+00	4.0000000000000000e+00	0.0000000000000000e+00
0	0.0000000000000000e+00	0	4	512	512	521	0.0000000000000000e+00	0.0000000000000000e+00	4.5000000000000000e+00	8.4498966919136953e-01
0	0.0000000000000000e+00	0	4	512	512	522	0.0000000000000000e+00	0.0000000000000000e+00	5.0000000000000000e+00	8.5518282530778589e-01
0	0.0000000000000000e+00	0	4	512	512	523	0.0000000000000000e+00	0.0000000000000000e+00	5.5000000000000000e+00	8.6421350093568405e-01
0	0.0000000000000000e+00	0	4	512	512	524	0.0000000000000000e+00	0.0000000000000000e+00	6.0000000000000000e+00	8.7224528160489312e-01
0	0.0000000000000000e+00	0	4	512	512	525	0.0000000000000000e+00	0.0000000000000000e+00	6.5000000000000000e+00	8.7942089027586834e-01
0	0.0000000000000000e+00	0	4	512	512	526	0.0000000000000000e+00	0.0000000000000000e+00	7.0000000000000000e+00	0.0000000000000000e+00
0	0.0000000000000000e+00	0	4	512	512	527	0.0000000000000000e+00	0.0000000000000000e+00	7.5000000000000000e+00	8.9167040960634736e-01
0	0.0000000000000000e+00	0	4	512	512	528	0.0000000000000000e+00	0.0000000000000000e+00	8.0000000000000000e+00	0.0000000000000000e+00
0	0.0000000000000000e+00	0	4	512	512	529	0.0000000000000000e+00	0.0000000000000000e+00	8.5000000000000000e+00	9.0171936113619222e-01
0	0.0000000000000000e+00	0	4	512	512	530	0.0000000000000000e+00	0.0000000000000000e+00	9.0000000000000000e+00	0.0000000000000000e+00
0	0.0000000000000000e+00	0	4	512	512	531	0.0000000000000000e+00	0.0000000000000000e+00	9.5000000000000000e+00	9.1010066414494972e-01
0	0.0000000000000000e+00	0	4	512	512	532	0.0000000000000000e+00	0.0000000000000000e+00	1.0000000000000000e+01	0.0000000000000000e+00
0	0.0000000000000000e+00	0	4	512	512	533	0.0000000000000000e+00	0.0000000000000000e+00	1.0500000000000000e+01	9.1719281620588711e-01
0	0.0000000000000000e+00	0	4	512	512	534	0.0000000000000000e+00	0.0000000000000000e+00	1.1000000000000000e+01	0.0000000000000000e+00
0	0.0000000000000000e+00	0	4	512	512	535	0.0000000000000000e+00	0.0000000000000000e+00	1.1500000000000000e+01	9.2326948686761090e-01
0	0.0000000000000000e+00	0	4	512	512	536	0.0000000000000000e+00	0.0000000000000000e+00	1.2000000000000000e+01	9.2599225694896847e-01
0	0.0000000000000000e+00	0	4	512	512	537	0.0000000000000000e+00	0.0000000000000000e+00	1.2500000000000000e+01	9.2853256235303783e-01
0	0.0000000000000000e+00	0	4	512	512	538	0.0000000000000000e+00	0.0000000000000000e+00	1.3000000000000000e+01	0.0000000000000000e+00
0	0.0000000000000000e+00	0	4	512	512	539	0.0000000000000000e+00	0.0000000000000000e+00	1.3500000000000000e+01	9.3313393127114763e-01
0	0.0000000000000000e+00	0	4	512	512	540	0.0000000000000000e+00	0.0000000000000000e+00	1.4000000000000000e+01	9.3522393884350319e-01
0	0.0000000000000000e+00	0	4	512	512	541	0.0000000000000000e+00	0.0000000000000000e+00	1.4500000000000000e+01	0.0000000000000000e+00
0	0.0000000000000000e+00	0	4	512	512	542	0.0000000000000000e+00	0.0000000000000000e+00	1.5000000000000000e+01	9.3904262135660632e-01
0	0.0000000000000000e+00	0	4	512	512	543	0.0000000000000000e+00	0.0000000000000000e+00	1.5500000000000000e+01	0.0000000000000000e+00
0	0.0000000000000000e+00	0	4	512	512	544	0.0000000000000000e+00	0.0000000000000000e+00	1.6000000000000000e+01	9.4244449045588741e-01
0	0.0000000000000000e+00	0	4	512	512	545	0.0000000000000000e+00	0.0000000000000000e+00	1.6500000000000000e+01	-1.6220406315190181e-01
0	0.0000000000000000e+00	0	4	512	512	546	0.0000000000000000e+00	0.0000000000000000e+00	1.7000000000000000e+01	0.0000000000000000e+00
0	0.0000000000000000e+00	0	4	512	512	547	0.0000000000000000e+00	0.0000000000000000e+00	1.7500000000000000e+01	4.8493780567785016e-01
0	0.0000000000000000e+00	0	5	1024	1024	989	0.0000000000000000e+00	0.0000000000000000e+00	-8.7500000000000000e+00	9.9154509973329408e-01
0	0.0000000000000000e+00	0	5	1024	1024	990	0.0000000000000000e+00	0.0000000000000000e+00	-8.5000000000000000e+00	9.0171936113619222e-01
0	0.0000000000000000e+00	0	5	1024	1024	991	0.0000000000000000e+00	0.0000000000000000e+00	-8.2500000000000000e+00	3.7383490121248997e-01
0	0.0000000000000000e+00	0	5	1024	1024	992	0.0000000000000000e+00	0.0000000000000000e+00	-8.0000000000000000e+00	0.0000000000000000e+00
0	0.0000000000000000e+00	0	5	1024	1024	993	0.0000000000000000e+00	0.0000000000000000e+00	-7.7500000000000000e+00	0.0000000000000000e+00
0	0.0000000000000000e+00	0	5	1024	1024	994	0.0000000000000000e+00	0.0000000000000000e+00	-7.5000000000000000e+00	8.9167040960634736e-01
0	0.0000000000000000e+00	0	5	1024	1024	995	0.0000000000000000e+00	0.0000000000000000e+00	-7.2500000000000000e+00	8.8883945976762946e-01
0	0.0000000000000000e+00	0	5	1024	1024	996	0.0000000000000000e+00	0.0000000000000000e+00	-7.0000000000000000e+00	8.8586184065525209e-01
0	0.0000000000000000e+00	0	5	1024	1024	997	0.0000000000000000e+00	0.0000000000000000e+00	-6.7500000000000000e+00	8.8272638485655264e-01
0	0.0000000000000000e+00	0	5	1024	1024	998	0.0000000000000000e+00	0.0000000000000000e+00	-6.5000000000000000e+00	8.7942089027586834e-01
0	0.0000000000000000e+00	0	5	1024	1024	999	0.0000000000000000e+00	0.0000000000000000e+00	-6.2500000000000000e+00	0.0000000000000000e+00
0	0.0000000000000000e+00	0	5	1024	1024	1000	0.0000000000000000e+00	0.0000000000000000e+00	-6.0000000000000000e+00	8.7224528160489312e-01
0	0.0000000000000000e+00	0	5	1024	1024	1001	0.0000000000000000e+00	0.0000000000000000e+00	-5.7500000000000000e+00	0.0000000000000000e+00
0	0.0000000000000000e+00	0	5	1024	1024	1002	0.0000000000000000e+00	0.0000000000000000e+00	-5.5000000000000000e+00	0.0000000000000000e+00
0	0.0000000000000000e+00	0	5	1024	1024	1003	0.0000000000000000e+00	0.0000000000000000e+00	-5.2500000000000000e+00	0.0000000000000000e+00
0	0.0000000000000000e+00	0	5	1024	1024	1004	0.0000000000000000e+00	0.0000000000000000e+00	-5.0000000000000000e+00	8.5518282530778589e-01
0	0.0000000000000000e+00	0	5	1024	1024	1005	0.0000000000000000e+00	0.0000000000000000e+00	-4.7500000000000000e+00	8.5024249216164249e-01
0	0.0000000000000000e+00	0	5	1024	1024	1006	0.0000000000000000e+00	0.0000000000000000e+00	-4.5000000000000000e+00	8.4498966919136953e-01
0	0.0000000000000000e+00	0	5	1024	1024	1007	0.0000000000000000e+00	0.0000000000000000e+00	-4.2500000000000000e+00	0.0000000000000000e+00
0	0.0000000000000000e+00	0	5	1024	1024	1008	0.0000000000000000e+00	0.0000000000000000e+00	-4.0000000000000000e+00	8.3345572906575327e-01
0	0.0000000000000000e+00	0	5	1024	1024	1009	0.0000000000000000e+00	0.0000000000000000e+00	-3.7500000000000000e+00	8.2713045687002584e-01
0	0.0000000000000000e+00	0	5	1024	1024	1010	0.0000000000000000e+00	0.0000000000000000e+00	-3.5000000000000000e+00	0.0000000000000000e+00
0	0.0000000000000000e+00	0	5	1024	1024	1011	0.0000000000000000e+00	0.0000000000000000e+00	-3.2500000000000000e+00	0.0000000000000000e+00
0	0.0000000000000000e+00	0	5	1024	1024	1012	0.0000000000000000e+00	0.0000000000000000e+00	-3.0000000000000000e+00	8.0571997548823759e-01
0	0.0000000000000000e+00	0	5	1024	1024	1013	0.0000000000000000e+00	0.0000000000000000e+00	-2.7500000000000000e+00	0.0000000000000000e+00
0	0.0000000000000000e+00	0	5	1024	1024	1014	0.0000000000000000e+00	0.0000000000000000e+00	-2.5000000000000000e+00	7.8941818099359573e-01
0	0.0000000000000000e+00	0	5	1024	1024	1015	0.0000000000000000e+00	0.0000000000000000e+00	-2.2500000000000000e+00	0.0000000000000000e+00
0	0.0000000000000000e+00	0	5	1024	1024	1016	0.0000000000000000e+00	0.0000000000000000e+00	-2.0000000000000000e+00	7.7185627523447398e-01
0	0.0000000000000000e+00	0	5	1024	1024	1017	0.0000000000000000e+00	0.0000000000000000e+00	-1.7500000000000000e+00	7.6287427395241203e-01
0	0.0000000000000000e+00	0	5	1024	1024	1018	0.0000000000000000e+00	0.0000000000000000e+00	-1.5000000000000000e+00	0.0000000000000000e+00
0	0.0000000000000000e+00	0	5	1024	1024	1019	0.0000000000000000e+00	0.0000000000000000e+00	-1.2500000000000000e+00	7.4554096830840122e-01
0	0.0000000000000000e+00	0	5	1024	1024	1020	0.0000000000000000e+00	0.0000000000000000e+00	-1.0000000000000000e+00	0.0000000000000000e+00
0	0.0000000000000000e+00	0	5	1024	1024	1021	0.0000000000000000e+00	0.0000000000000000e+00	-7.5000000000000000e-01	7.3118206271863539e-01
0	0.0000000000000000e+00	0	5	1024	1024	1022	0.0000000000000000e+00	0.0000000000000000e+00	-5.0000000000000000e-01	7.2608085301560643e-01
0	0.0000000000000000e+00	0	5	1024	1024	1023	0.0000000000000000e+00	0.0000000000000000e+00	-2.5000000000000000e-01	0.0000000000000000e+00
0	0.0000000000000000e+00	0	5	1024	1024	1024	0.0000000000000000e+00	0.0000000000000000e+00	0.0000000000000000e+00	0.0000000000000000e+00
0	0.0000000000000000e+00	0	5	1024	1024	1025	0.0000000000000000e+00	0.0000000000000000e+00	2.5000000000000000e-01	0.0000000000000000e+00
0	0.0000000000000000e+00	0	5	1024	1024	1026	0.0000000000000000e+00	0.0000000000000000e+00	5.0000000000000000e-01	7.2608085301560643e-01
0	0.0000000000000000e+00	0	5	1024	1024	1027	0.0000000000000000e+00	0.0000000000000000e+00	7.5000000000000000e-01	7.3118206271863539e-01
0	0.0000000000000000e+00	0	5	1024	1024	1028	0.0000000000000000e+00	0.0000000000000000e+00	1.0000000000000000e+00	0.0000000000000000e+00
0	0.0000000000000000e+00	0	5	1024	1024	1029	0.0000000000000000e+00	0.0000000000000000e+00	1.2500000000000000e+00	7.4554096830840122e-01
0	0.0000000000000000e+00	0	5	1024	1024	1030	0.0000000000000000e+00	0.0000000000000000e+00	1.5000000000000000e+00	7.5401146637949057e-01
0	0.0000000000000000e+00	0	5	1024	1024	1031	0.0000000000000000e+00	0.0000000000000000e+00	1.7500000000000000e+00	0.0000000000000000e+00
0	0.0000000000000000e+00	0	5	1024	1024	1032	0.0000000000000000e+00	0.0000000000000000e+00	2.0000000000000000e+00	7.7185627523447398e-01
0	0.0000000000000000e+00	0	5	1024	1024	1033	0.0000000000000000e+00	0.0000000000000000e+00	2.2500000000000000e+00	0.0000000000000000e+00
0	0.0000000000000000e+00	0	5	1024	1024	1034	0.0000000000000000e+00	0.0000000000000000e+00	2.5000000000000000e+00	0.0000000000000000e+00
0	0.0000000000000000e+00	0	5	1024	1024	1035	0.0000000000000000e+00	0.0000000000000000e+00	2.7500000000000000e+00	0.0000000000000000e+00
0	0.0000000000000000e+00	0	5	1024	1024	1036	0.0000000000000000e+00	0.0000000000000000e+00	3.0000000000000000e+00	8.0571997548823759e-01
0	0.0000000000000000e+00	0	5	1024	1024	1037	0.0000000000000000e+00	0.0000000000000000e+00	3.2500000000000000e+00	0.0000000000000000e+00
0	0.0000000000000000e+00	0	5	1024	1024	1038	0.0000000000000000e+00	0.0000000000000000e+00	3.5000000000000000e+00	0.0000000000000000e+00
0	0.0000000000000000e+00	0	5	1024	1024	1039	0.0000000000000000e+00	0.0000000000000000e+00	3.7500000000000000e+00	0.0000000000000000e+00
0	0.0000000000000000e+00	0	5	1024	1024	1040	0.0000000000000000e+00	0.0000000000000000e+00	4.0000000000000000e+00	0.0000000000000000e+00
0	0.0000000000000000e+00	0	5	1024	1024	1041	0.0000000000000000e+00	0.0000000000000000e+00	4.2500000000000000e+00	0.0000000000000000e+00
0	0.0000000000000000e+00	0	5	1024	1024	1042	0.0000000000000000e+00	0.0000000000000000e+00	4.5000000000000000e+00	8.4498966919136953e-01
0	0.0000000000000000e+00	0	5	1024	1024	1043	0.0000000000000000e+00	0.0000000000000000e+00	4.7500000000000000e+00	8.5024249216164249e-01
0	0.0000000000000000e+00	0	5	1024	1024	1044	0.0000000000000000e+00	0.0000000000000000e+00	5.0000000000000000e+00	8.5518282530778589e-01
0	0.0000000000000000e+00	0	5	1024	1024	1045	0.0000000000000000e+00	0.0000000000000000e+00	5.2500000000000000e+00	0.0000000000000000e+00
0	0.0000000000000000e+00	0	5	1024	1024	1046	0.0000000000000000e+00	0.0000000000000000e+00	5.5000000000000000e+00	8.6421350093568405e-01
0	0.0000000000000000e+00	0	5	1024	1024	1047	0.0000000000000000e+00	0.0000000000000000e+00	5.7500000000000000e+00	8.6834482279753111e-01
0	0.0000000000000000e+00	0	5	1024	1024	1048	0.0000000000000000e+00	0.0000000000000000e+00	6.0000000000000000e+00	8.7224528160489312e-01
0	0.0000000000000000e+00	0	5	1024	1024	1049	0.0000000000000000e+00	0.0000000000000000e+00	6.2500000000000000e+00	8.7593203281278620e-01
0	0.0000000000000000e+00	0	5	1024	1024	1050	0.0000000000000000e+00	0.0000000000000000e+00	6.5000000000000000e+00	8.7942089027586834e-01
0	0.0000000000000000e+00	0	5	1024	1024	1051	0.0000000000000000e+00	0.0000000000000000e+00	6.7500000000000000e+00	0.0000000000000000e+00
0	0.0000000000000000e+00	0	5	1024	1024	1052	0.0000000000000000e+00	0.0000000000000000e+00	7.0000000000000000e+00	0.0000000000000000e+00
0	0.0000000000000000e+00	0	5	1024	1024	1053	0.0000000000000000e+00	0.0000000000000000e+00	7.2500000000000000e+00	0.0000000000000000e+00
0	0.0000000000000000e+00	0	5	1024	1024	1054	0.0000000000000000e+00	0.0000000000000000e+00	7.5000000000000000e+00	8.9167040960634736e-01
0	0.0000000000000000e+00	0	5	1024	1024	1055	0.0000000000000000e+00	0.0000000000000000e+00	7.7500000000000000e+00	8.9436490898227694e-01
0	0.0000000000000000e+00	0	5	1024	1024	1056	0.0000000000000000e+00	0.0000000000000000e+00	8.0000000000000000e+00	0.0000000000000000e+00
0	0.0000000000000000e+00	0	5	1024	1024	1057	0.0000000000000000e+00	0.0000000000000000e+00	8.2500000000000000e+00	-1.6489748039842647e-01
0	0.0000000000000000e+00	0	5	1024	1024	1058	0.0000000000000000e+00	0.0000000000000000e+00	8.5000000000000000e+00	0.0000000000000000e+00
0	0.0000000000000000e+00	0	5	1024	1024	1059	0.0000000000000000e+00	0.0000000000000000e+00	8.7500000000000000e+00	4.6319391156755652e-01
0	0.0000000000000000e+00	0	6	2048	2048	2013	0.0000000000000000e+00	0.0000000000000000e+00	-4.3750000000000000e+00	3.5040208865060141e-01
0	0.0000000000000000e+00	0	6	2048	2048	2014	0.0000000000000000e+00	0.0000000000000000e+00	-4.2500000000000000e+00	0.0000000000000000e+00
0	0.0000000000000000e+00	0	6	2048	2048	2015	0.0000000000000000e+00	0.0000000000000000e+00	-4.1250000000000000e+00	3.3502376439380088e-01
0	0.0000000000000000e+00	0	6	2048	2048	2016	0.0000000000000000e+00	0.0000000000000000e+00	-4.0000000000000000e+00	8.3345572906575327e-01
0	0.0000000000000000e+00	0	6	2048	2048	2017	0.0000000000000000e+00	0.0000000000000000e+00	-3.8750000000000000e+00	8.3034177424987565e-01
0	0.0000000000000000e+00	0	6	2048	2048	2018	0.0000000000000000e+00	0.0000000000000000e+00	-3.7500000000000000e+00	8.2713045687002584e-01
0	0.0000000000000000e+00	0	6	2048	2048	2019	0.0000000000000000e+00	0.0000000000000000e+00	-3.6250000000000000e+00	0.0000000000000000e+00
0	0.0000000000000000e+00	0	6	2048	2048	2020	0.0000000000000000e+00	0.0000000000000000e+00	-3.5000000000000000e+00	0.0000000000000000e+00
0	0.0000000000000000e+00	0	6	2048	2048	2021	0.0000000000000000e+00	0.0000000000000000e+00	-3.3750000000000000e+00	0.0000000000000000e+00
0	0.0000000000000000e+00	0	6	2048	2048	2022	0.0000000000000000e+00	0.0000000000000000e+00	-3.2500000000000000e+00	0.0000000000000000e+00
0	0.0000000000000000e+00	0	6	2048	2048	2023	0.0000000000000000e+00	0.0000000000000000e+00	-3.1250000000000000e+00	0.0000000000000000e+00
0	0.0000000000000000e+00	0	6	2048	2048	2024	0.0000000000000000e+00	0.0000000000000000e+00	-3.0000000000000000e+00	8.0571997548823759e-01
0	0.0000000000000000e+00	0	6	2048	2048	2025	0.0000000000000000e+00	0.0000000000000000e+00	-2.8750000000000000e+00	8.0178957312741261e-01
0	0.0000000000000000e+00	0	6	2048	2048	2026	0.0000000000000000e+00	0.0000000000000000e+00	-2.7500000000000000e+00	0.0000000000000000e+00
0	0.0000000000000000e+00	0	6	2048	2048	2027	0.0000000000000000e+00	0.0000000000000000e+00	-2.6250000000000000e+00	0.0000000000000000e+00
0	0.0000000000000000e+00	0	6	2048	2048	2028	0.0000000000000000e+00	0.0000000000000000e+00	-2.5000000000000000e+00	7.8941818099359573e-01
0	0.0000000000000000e+00	0	6	2048	2048	2029	0.0000000000000000e+00	0.0000000000000000e+00	-2.3750000000000000e+00	7.8512096512987117e-01
0	0.0000000000000000e+00	0	6	2048	2048	2030	0.0000000000000000e+00	0.0000000000000000e+00	-2.2500000000000000e+00	0.0000000000000000e+00
0	0.0000000000000000e+00	0	6	2048	2048	2031	0.0000000000000000e+00	0.0000000000000000e+00	-2.1250000000000000e+00	0.0000000000000000e+00
0	0.0000000000000000e+00	0	6	2048	2048	2032	0.0000000000000000e+00	0.0000000000000000e+00	-2.0000000000000000e+00	7.7185627523447398e-01
0	0.0000000000000000e+00	0	6	2048	2048	2033	0.0000000000000000e+00	0.0000000000000000e+00	-1.8750000000000000e+00	0.0000000000000000e+00
0	0.0000000000000000e+00	0	6	2048	2048	2034	0.0000000000000000e+00	0.0000000000000000e+00	-1.7500000000000000e+00	7.6287427395241203e-01
0	0.0000000000000000e+00	0	6	2048	2048	2035	0.0000000000000000e+00	0.0000000000000000e+00	-1.6250000000000000e+00	0.0000000000000000e+00
0	0.0000000000000000e+00	0	6	2048	2048	2036	0.0000000000000000e+00	0.0000000000000000e+00	-1.5000000000000000e+00	0.0000000000000000e+00
0	0.0000000000000000e+00	0	6	2048	2048	2037	0.0000000000000000e+00	0.0000000000000000e+00	-1.3750000000000000e+00	0.0000000000000000e+00
0	0.0000000000000000e+00	0	6	2048	2048	2038	0.0000000000000000e+00	0.0000000000000000e+00	-1.2500000000000000e+00	7.4554096830840122e-01
0	0.0000000000000000e+00	0	6	2048	2048	2039	0.0000000000000000e+00	0.0000000000000000e+00	-1.1250000000000000e+00	7.4155657246305895e-01
0	0.0000000000000000e+00	0	6	2048	2048	2040	0.0000000000000000e+00	0.0000000000000000e+00	-1.0000000000000000e+00	0.0000000000000000e+00
0	0.0000000000000000e+00	0	6	2048	2048	2041	0.0000000000000000e+00	0.0000000000000000e+00	-8.7500000000000000e-01	7.3432680427807862e-01
0	0.0000000000000000e+00	0	6	2048	2048	2042	0.0000000000000000e+00	0.0000000000000000e+00	-7.5000000000000000e-01	7.3118206271863539e-01
0	0.0000000000000000e+00	0	6	2048	2048	2043	0.0000000000000000e+00	0.0000000000000000e+00	-6.2500000000000000e-01	0.0000000000000000e+00
0	0.0000000000000000e+00	0	6	2048	2048	2044	0.0000000000000000e+00	0.0000000000000000e+00	-5.0000000000000000e-01	7.2608085301560643e-01
0	0.0000000000000000e+00	0	6	2048	2048	2045	0.0000000000000000e+00	0.0000000000000000e+00	-3.7500000000000000e-01	0.0000000000000000e+00
0	0.0000000000000000e+00	0	6	2048	2048	2046	0.0000000000000000e+00	0.0000000000000000e+00	-2.5000000000000000e-01	0.0000000000000000e+00
0	0.0000000000000000e+00	0	6	2048	2048	2047	0.0000000000000000e+00	0.0000000000000000e+00	-1.2500000000000000e-01	7.2202580366135249e-01
0	0.0000000000000000e+00	0	6	2048	2048	2048	0.0000000000000000e+00	0.0000000000000000e+00	0.0000000000000000e+00	0.0000000000000000e+00
0	0.0000000000000000e+00	0	6	2048	2048	2049	0.0000000000000000e+00	0.0000000000000000e+00	1.2500000000000000e-01	7.2202580366135249e-01
0	0.0000000000000000e+00	0	6	2048	2048	2050	0.0000000000000000e+00	0.0000000000000000e+00	2.5000000000000000e-01	0.0000000000000000e+00
0	0.0000000000000000e+00	0	6	2048	2048	2051	0.0000000000000000e+00	0.0000000000000000e+00	3.7500000000000000e-01	0.0000000000000000e+00
0	0.0000000000000000e+00	0	6	2048	2048	2052	0.0000000000000000e+00	0.0000000000000000e+00	5.0000000000000000e-01	7.2608085301560643e-01
0	0.0000000000000000e+00	0	6	2048	2048	2053	0.0000000000000000e+00	0.0000000000000000e+00	6.2500000000000000e-01	0.0000000000000000e+00
0	0.0000000000000000e+00	0	6	2048	2048	2054	0.0000000000000000e+00	0.0000000000000000e+00	7.5000000000000000e-01	7.3118206271863539e-01
0	0.0000000000000000e+00	0	6	2048	2048	2055	0.0000000000000000e+00	0.0000000000000000e+00	8.7500000000000000e-01	0.0000000000000000e+00
0	0.0000000000000000e+00	0	6	2048	2048	2056	0.0000000000000000e+00	0.0000000000000000e+00	1.0000000000000000e+00	0.0000000000000000e+00
0	0.0000000000000000e+00	0	6	2048	2048	2057	0.0000000000000000e+00	0.0000000000000000e+00	1.1250000000000000e+00	0.0000000000000000e+00
0	0.0000000000000000e+00	0	6	2048	2048	2058	0.0000000000000000e+00	0.0000000000000000e+00	1.2500000000000000e+00	7.4554096830840122e-01
0	0.0000000000000000e+00	0	6	2048	2048	2059	0.0000000000000000e+00	0.0000000000000000e+00	1.3750000000000000e+00	0.0000000000000000e+00
0	0.0000000000000000e+00	0	6	2048	2048	2060	0.0000000000000000e+00	0.0000000000000000e+00	1.5000000000000000e+00	7.5401146637949057e-01
0	0.0000000000000000e+00	0	6	2048	2048	2061	0.0000000000000000e+00	0.0000000000000000e+00	1.6250000000000000e+00	0.0000000000000000e+00
0	0.0000000000000000e+00	0	6	2048	2048	2062	0.0000000000000000e+00	0.0000000000000000e+00	1.7500000000000000e+00	0.0000000000000000e+00
0	0.0000000000000000e+00	0	6	2048	2048	2063	0.0000000000000000e+00	0.0000000000000000e+00	1.8750000000000000e+00	7.6736473611963074e-01
0	0.0000000000000000e+00	0	6	2048	2048	2064	0.0000000000000000e+00	0.0000000000000000e+00	2.0000000000000000e+00	7.7185627523447398e-01
0	0.0000000000000000e+00	0	6	2048	2048	2065	0.0000000000000000e+00	0.0000000000000000e+00	2.1250000000000000e+00	0.0000000000000000e+00
0	0.0000000000000000e+00	0	6	2048	2048	2066	0.0000000000000000e+00	0.0000000000000000e+00	2.2500000000000000e+00	0.0000000000000000e+00
0	0.0000000000000000e+00	0	6	2048	2048	2067	0.0000000000000000e+00	0.0000000000000000e+00	2.3750000000000000e+00	7.8512096512987117e-01
0	0.0000000000000000e+00	0	6	2048	2048	2068	0.0000000000000000e+00	0.0000000000000000e+00	2.5000000000000000e+00	0.0000000000000000e+00
0	0.0000000000000000e+00	0	6	2048	2048	2069	0.0000000000000000e+00	0.0000000000000000e+00	2.6250000000000000e+00	7.9363364584774043e-01
0	0.0000000000000000e+00	0	6	2048	2048	2070	0.0000000000000000e+00	0.0000000000000000e+00	2.7500000000000000e+00	0.0000000000000000e+00
0	0.0000000000000000e+00	0	6	2048	2048	2071	0.0000000000000000e+00	0.0000000000000000e+00	2.8750000000000000e+00	0.0000000000000000e+00
0	0.0000000000000000e+00	0	6	2048	2048	2072	0.0000000000000000e+00	0.0000000000000000e+00	3.0000000000000000e+00	8.0571997548823759e-01
0	0.0000000000000000e+00	0	6	2048	2048	2073	0.0000000000000000e+00	0.0000000000000000e+00	3.1250000000000000e+00	8.0954792087071081e-01
0	0.0000000000000000e+00	0	6	2048	2048	2074	0.0000000000000000e+00	0.0000000000000000e+00	3.2500000000000000e+00	0.0000000000000000e+00
0	0.0000000000000000e+00	0	6	2048	2048	2075	0.0000000000000000e+00	0.0000000000000000e+00	3.3750000000000000e+00	8.1689153114642299e-01
0	0.0000000000000000e+00	0	6	2048	2048	2076	0.0000000000000000e+00	0.0000000000000000e+00	3.5000000000000000e+00	8.2040706406774999e-01
0	0.0000000000000000e+00	0	6	2048	2048	2077	0.0000000000000000e+00	0.0000000000000000e+00	3.6250000000000000e+00	0.0000000000000000e+00
0	0.0000000000000000e+00	0	6	2048	2048	2078	0.0000000000000000e+00	0.0000000000000000e+00	3.7500000000000000e+00	0.0000000000000000e+00
0	0.0000000000000000e+00	0	6	2048	2048	2079	0.0000000000000000e+00	0.0000000000000000e+00	3.8750000000000000e+00	0.0000000000000000e+00
0	0.0000000000000000e+00	0	6	2048	2048	2080	0.0000000000000000e+00	0.0000000000000000e+00	4.0000000000000000e+00	8.3345572906575327e-01
0	0.0000000000000000e+00	0	6	2048	2048	2081	0.0000000000000000e+00	0.0000000000000000e+00	4.1250000000000000e+00	-7.2554743176950431e-02
0	0.0000000000000000e+00	0	6	2048	2048	2082	0.0000000000000000e+00	0.0000000000000000e+00	4.2500000000000000e+00	0.0000000000000000e+00
0	0.0000000000000000e+00	0	6	2048	2048	2083	0.0000000000000000e+00	0.0000000000000000e+00	4.3750000000000000e+00	4.2210131465073331e-01
0	0.0000000000000000e+00	0	7	4096	4096	4061	0.0000000000000000e+00	0.0000000000000000e+00	-2.1875000000000000e+00	-1.4279756432081189e-01
0	0.0000000000000000e+00	0	7	4096	4096	4062	0.0000000000000000e+00	0.0000000000000000e+00	-2.1250000000000000e+00	0.0000000000000000e+00
0	0.0000000000000000e+00	0	7	4096	4096	4063	0.0000000000000000e+00	0.0000000000000000e+00	-2.0625000000000000e+00	4.7040010547819511e-01
0	0.0000000000000000e+00	0	7	4096	4096	4064	0.0000000000000000e+00	0.0000000000000000e+00	-2.0000000000000000e+00	7.7185627523447398e-01
0	0.0000000000000000e+00	0	7	4096	4096	4065	0.0000000000000000e+00	0.0000000000000000e+00	-1.9375000000000000e+00	7.6961193464588251e-01
0	0.0000000000000000e+00	0	7	4096	4096	4066	0.0000000000000000e+00	0.0000000000000000e+00	-1.8750000000000000e+00	0.0000000000000000e+00
0	0.0000000000000000e+00	0	7	4096	4096	4067	0.0000000000000000e+00	0.0000000000000000e+00	-1.8125000000000000e+00	0.0000000000000000e+00
0	0.0000000000000000e+00	0	7	4096	4096	4068	0.0000000000000000e+00	0.0000000000000000e+00	-1.7500000000000000e+00	7.6287427395241203e-01
0	0.0000000000000000e+00	0	7	4096	4096	4069	0.0000000000000000e+00	0.0000000000000000e+00	-1.6875000000000000e+00	7.6063791763114319e-01
0	0.0000000000000000e+00	0	7	4096	4096	4070	0.0000000000000000e+00	0.0000000000000000e+00	-1.6250000000000000e+00	0.0000000000000000e+00
0	0.0000000000000000e+00	0	7	4096	4096	4071	0.0000000000000000e+00	0.0000000000000000e+00	-1.5625000000000000e+00	7.5620224469484143e-01
0	0.0000000000000000e+00	0	7	4096	4096	4072	0.0000000000000000e+00	0.0000000000000000e+00	-1.5000000000000000e+00	0.0000000000000000e+00
0	0.0000000000000000e+00	0	7	4096	4096	4073	0.0000000000000000e+00	0.0000000000000000e+00	-1.4375000000000000e+00	0.0000000000000000e+00
0	0.0000000000000000e+00	0	7	4096	4096	4074	0.0000000000000000e+00	0.0000000000000000e+00	-1.3750000000000000e+00	0.0000000000000000e+00
0	0.0000000000000000e+00	0	7	4096	4096	4075	0.0000000000000000e+00	0.0000000000000000e+00	-1.3125000000000000e+00	7.4760429935734762e-01
0	0.0000000000000000e+00	0	7	4096	4096	4076	0.0000000000000000e+00	0.0000000000000000e+00	-1.2500000000000000e+00	7.4554096830840122e-01
0	0.0000000000000000e+00	0	7	4096	4096	4077	0.0000000000000000e+00	0.0000000000000000e+00	-1.1875000000000000e+00	0.0000000000000000e+00
0	0.0000000000000000e+00	0	7	4096	4096	4078	0.0000000000000000e+00	0.0000000000000000e+00	-1.1250000000000000e+00	7.4155657246305895e-01
0	0.0000000000000000e+00	0	7	4096	4096	4079	0.0000000000000000e+00	0.0000000000000000e+00	-1.0625000000000000e+00	7.3964743868097216e-01
0	0.0000000000000000e+00	0	7	4096	4096	4080	0.0000000000000000e+00	0.0000000000000000e+00	-1.0000000000000000e+00	0.0000000000000000e+00
0	0.0000000000000000e+00	0	7	4096	4096	4081	0.0000000000000000e+00	0.0000000000000000e+00	-9.3750000000000000e-01	0.0000000000000000e+00
0	0.0000000000000000e+00	0	7	4096	4096	4082	0.0000000000000000e+00	0.0000000000000000e+00	-8.7500000000000000e-01	7.3432680427807862e-01
0	0.0000000000000000e+00	0	7	4096	4096	4083	0.0000000000000000e+00	0.0000000000000000e+00	-8.1250000000000000e-01	7.3270997688625317e-01
0	0.0000000000000000e+00	0	7	4096	4096	4084	0.0000000000000000e+00	0.0000000000000000e+00	-7.5000000000000000e-01	7.3118206271863539e-01
0	0.0000000000000000e+00	0	7	4096	4096	4085	0.0000000000000000e+00	0.0000000000000000e+00	-6.8750000000000000e-01	0.0000000000000000e+00
0	0.0000000000000000e+00	0	7	4096	4096	4086	0.0000000000000000e+00	0.0000000000000000e+00	-6.2500000000000000e-01	0.0000000000000000e+00
0	0.0000000000000000e+00	0	7	4096	4096	4087	0.0000000000000000e+00	0.0000000000000000e+00	-5.6250000000000000e-01	0.0000000000000000e+00
0	0.0000000000000000e+00	0	7	4096	4096	4088	0.0000000000000000e+00	0.0000000000000000e+00	-5.0000000000000000e-01	7.2608085301560643e-01
0	0.0000000000000000e+00	0	7	4096	4096	4089	0.0000000000000000e+00	0.0000000000000000e+00	-4.3750000000000000e-01	0.0000000000000000e+00
0	0.0000000000000000e+00	0	7	4096	4096	4090	0.0000000000000000e+00	0.0000000000000000e+00	-3.7500000000000000e-01	0.0000000000000000e+00
0	0.0000000000000000e+00	0	7	4096	4096	4091	0.0000000000000000e+00	0.0000000000000000e+00	-3.1250000000000000e-01	7.2346871747681263e-01
0	0.0000000000000000e+00	0	7	4096	4096	4092	0.0000000000000000e+00	0.0000000000000000e+00	-2.5000000000000000e-01	0.0000000000000000e+00
0	0.0000000000000000e+00	0	7	4096	4096	4093	0.0000000000000000e+00	0.0000000000000000e+00	-1.8750000000000000e-01	0.0000000000000000e+00
0	0.0000000000000000e+00	0	7	4096	4096	4094	0.0000000000000000e+00	0.0000000000000000e+00	-1.2500000000000000e-01	7.2202580366135249e-01
0	0.0000000000000000e+00	0	7	4096	4096	4095	0.0000000000000000e+00	0.0000000000000000e+00	-6.2500000000000000e-02	7.2181752892268647e-01
0	0.0000000000000000e+00	0	7	4096	4096	4096	0.0000000000000000e+00	0.0000000000000000e+00	0.0000000000000000e+00	0.0000000000000000e+00
0	0.0000000000000000e+00	0	7	4096	4096	4097	0.0000000000000000e+00	0.0000000000000000e+00	6.2500000000000000e-02	0.0000000000000000e+00
0	0.0000000000000000e+00	0	7	4096	4096	4098	0.0000000000000000e+00	0.0000000000000000e+00	1.2500000000000000e-01	7.2202580366135249e-01
0	0.0000000000000000e+00	0	7	4096	4096	4099	0.0000000000000000e+00	0.0000000000000000e+00	1.8750000000000000e-01	7.2237172751280132e-01
0	0.0000000000000000e+00	0	7	4096	4096	4100	0.0000000000000000e+00	0.0000000000000000e+00	2.5000000000000000e-01	0.0000000000000000e+00
0	0.0000000000000000e+00	0	7	4096	4096	4101	0.0000000000000000e+00	0.0000000000000000e+00	3.1250000000000000e-01	0.0000000000000000e+00
0	0.0000000000000000e+00	0	7	4096	4096	4102	0.0000000000000000e+00	0.0000000000000000e+00	3.7500000000000000e-01	0.0000000000000000e+00
0	0.0000000000000000e+00	0	7	4096	4096	4103	0.0000000000000000e+00	0.0000000000000000e+00	4.3750000000000000e-01	0.0000000000000000e+00
0	0.0000000000000000e+00	0	7	4096	4096	4104	0.0000000000000000e+00	0.0000000000000000e+00	5.0000000000000000e-01	7.2608085301560643e-01
0	0.0000000000000000e+00	0	7	4096	4096	4105	0.0000000000000000e+00	0.0000000000000000e+00	5.6250000000000000e-01	0.0000000000000000e+00
0	0.0000000000000000e+00	0	7	4096	4096	4106	0.0000000000000000e+00	0.0000000000000000e+00	6.2500000000000000e-01	0.0000000000000000e+00
0	0.0000000000000000e+00	0	7	4096	4096	4107	0.0000000000000000e+00	0.0000000000000000e+00	6.8750000000000000e-01	0.0000000000000000e+00
0	0.0000000000000000e+00	0	7	4096	4096	4108	0.0000000000000000e+00	0.0000000000000000e+00	7.5000000000000000e-01	7.3118206271863539e-01
0	0.0000000000000000e+00	0	7	4096	4096	4109	0.0000000000000000e+00	0.0000000000000000e+00	8.1250000000000000e-01	7.3270997688625317e-01
0	0.0000000000000000e+00	0	7	4096	4096	4110	0.0000000000000000e+00	0.0000000000000000e+00	8.7500000000000000e-01	0.0000000000000000e+00
0	0.0000000000000000e+00	0	7	4096	4096	4111	0.0000000000000000e+00	0.0000000000000000e+00	9.3750000000000000e-01	0.0000000000000000e+00
0	0.0000000000000000e+00	0	7	4096	4096	4112	0.0000000000000000e+00	0.0000000000000000e+00	1.0000000000000000e+00	0.0000000000000000e+00
0	0.0000000000000000e+00	0	7	4096	4096	4113	0.0000000000000000e+00	0.0000000000000000e+00	1.0625000000000000e+00	0.0000000000000000e+00
0	0.0000000000000000e+00	0	7	4096	4096	4114	0.0000000000000000e+00	0.0000000000000000e+00	1.1250000000000000e+00	0.0000000000000000e+00
0	0.0000000000000000e+00	0	7	4096	4096	4115	0.0000000000000000e+00	0.0000000000000000e+00	1.1875000000000000e+00	0.0000000000000000e+00
0	0.0000000000000000e+00	0	7	4096	4096	4116	0.0000000000000000e+00	0.0000000000000000e+00	1.2500000000000000e+00	7.4554096830840122e-01
0	0.0000000000000000e+00	0	7	4096	4096	4117	0.0000000000000000e+00	0.0000000000000000e+00	1.3125000000000000e+00	7.4760429935734762e-01
0	0.0000000000000000e+00	0	7	4096	4096	4118	0.0000000000000000e+00	0.0000000000000000e+00	1.3750000000000000e+00	0.0000000000000000e+00
0	0.0000000000000000e+00	0	7	4096	4096	4119	0.0000000000000000e+00	0.0000000000000000e+00	1.4375000000000000e+00	7.5184487522081656e-01
0	0.0000000000000000e+00	0	7	4096	4096	4120	0.0000000000000000e+00	0.0000000000000000e+00	1.5000000000000000e+00	7.5401146637949057e-01
0	0.0000000000000000e+00	0	7	4096	4096	4121	0.0000000000000000e+00	0.0000000000000000e+00	1.5625000000000000e+00	7.5620224469484143e-01
0	0.0000000000000000e+00	0	7	4096	4096	4122	0.0000000000000000e+00	0.0000000000000000e+00	1.6250000000000000e+00	0.0000000000000000e+00
0	0.0000000000000000e+00	0	7	4096	4096	4123	0.0000000000000000e+00	0.0000000000000000e+00	1.6875000000000000e+00	0.0000000000000000e+00
0	0.0000000000000000e+00	0	7	4096	4096	4124	0.0000000000000000e+00	0.0000000000000000e+00	1.7500000000000000e+00	0.0000000000000000e+00
0	0.0000000000000000e+00	0	7	4096	4096	4125	0.0000000000000000e+00	0.0000000000000000e+00	1.8125000000000000e+00	0.0000000000000000e+00
0	0.0000000000000000e+00	0	7	4096	4096	4126	0.0000000000000000e+00	0.0000000000000000e+00	1.8750000000000000e+00	7.6736473611963074e-01
0	0.0000000000000000e+00	0	7	4096	4096	4127	0.0000000000000000e+00	0.0000000000000000e+00	1.9375000000000000e+00	7.6961193464588251e-01
0	0.0000000000000000e+00	0	7	4096	4096	4128	0.0000000000000000e+00	0.0000000000000000e+00	2.0000000000000000e+00	7.7185627523447398e-01
0	0.0000000000000000e+00	0	7	4096	4096	4129	0.0000000000000000e+00	0.0000000000000000e+00	2.0625000000000000e+00	3.8652221006863258e-01
0	0.0000000000000000e+00	0	7	4096	4096	4130	0.0000000000000000e+00	0.0000000000000000e+00	2.1250000000000000e+00	0.0000000000000000e+00
0	0.0000000000000000e+00	0	7	4096	4096	4131	0.0000000000000000e+00	0.0000000000000000e+00	2.1875000000000000e+00	-1.4305600312792865e-01
